RegistrationNo	Maker	DOR	ChassisNo	EngineNo	Fuel	Color
TN-02-AK-001	Honda	27/04/2016	AK9463	CK94169264	Petrol	Brown
TN-02-AK-002	Honda	27/04/2016	AK9463	CK94169264	Petrol	Brown
TN-02-AK-003	Honda	27/04/2016	AK9463	CK94169264	Petrol	Brown
TN-02-AK-004	Honda	27/04/2016	AK9463	CK94169264	Petrol	Brown
TN-02-AK-005	Honda	27/04/2016	AK9463	CK94169264	Petrol	Brown
TN-02-AK-006	Honda	27/04/2016	AK9463	CK94169264	Petrol	Brown
TN-02-AK-007	Honda	27/04/2016	AK9463	CK94169264	Petrol	Brown
TN-02-AK-008	Honda	27/04/2016	AK9463	CK94169264	Petrol	Brown
TN-02-AK-009	Honda	27/04/2016	AK9463	CK94169264	Petrol	Brown
TN-02-AK-010	Honda	27/04/2016	AK9463	CK94169264	Petrol	Brown
TN-02-AK-011	Honda	27/04/2016	AK9463	CK94169264	Petrol	Brown
TN-02-AK-012	Honda	27/04/2016	AK9463	CK94169264	Petrol	Brown
TN-02-AK-013	Honda	27/04/2016	AK9463	CK94169264	Petrol	Brown
TN-02-AK-014	Honda	27/04/2016	AK9463	CK94169264	Petrol	Brown
TN-02-AK-015	Honda	27/04/2016	AK9463	CK94169264	Petrol	Brown
TN-02-AK-016	Honda	27/04/2016	AK9463	CK94169264	Petrol	Brown
TN-02-AK-017	Honda	27/04/2016	AK9463	CK94169264	Petrol	Brown
TN-02-AK-018	Honda	27/04/2016	AK9463	CK94169264	Petrol	Brown
TN-02-AK-019	Honda	27/04/2016	AK9463	CK94169264	Petrol	Brown
